Filename,Duration (seconds),Chroma_stft,Spectral_centroid,Spectral_bandwidth,Spectral_rolloff,Rmse,Zero_crossing_rate
music_hungarian_2.wav,50.85868480725624,0.25642997,1331.4816914799928,1478.9264599430078,2320.499934479832,0.074614964,0.06038686316179827
music_hungarian_1.wav,37.46136054421769,0.3053403,1358.1024536299392,1641.8396217332388,2505.2027365532063,0.05614843,0.05817868068463445
music_hungarian_5.wav,98.13333333333334,0.27655974,1501.8593375019277,1648.9092884564084,2673.1304095601936,0.08633845,0.059507818968831325
music_hungarian_4.wav,42.88,0.3221649,1438.9063253496886,1683.324487408017,2704.8885888645436,0.04941562,0.055499099045749865
music_hungarian_6.wav,54.14403628117914,0.2798027,1485.5415586097427,1645.2776288787147,2688.35854374933,0.060416814,0.059077634206153515
music_hungarian_3.wav,32.341360544217686,0.23073748,1419.7550103682622,1592.0007291975742,2482.5248066504396,0.090426445,0.05408599919239052
