Filename,Duration (seconds),Chroma_stft,Spectral_centroid,Spectral_bandwidth,Spectral_rolloff,Rmse,Zero_crossing_rate
music_polish_2.wav,64.46934240362812,0.29721808,942.2382068486122,1053.0623127820372,1556.5629079267194,0.060285367,0.053741004512513506
music_polish_4.wav,60.2453514739229,0.27877238,1302.3777917698712,1445.1037500657917,2145.611508760838,0.07769428,0.0650364282273603
music_polish_3.wav,94.8053514739229,0.25491402,1248.5911196766658,1443.2727320526647,2056.969380711563,0.07104792,0.06202535187821455
music_polish_1.wav,35.79736961451247,0.2422588,1218.4947442666912,1104.3336431256703,1894.4401010001216,0.07757432,0.07734571325794423
music_polish_5.wav,54.82666666666667,0.23819567,1062.6820288959825,1316.1776637679693,1753.7390002348382,0.07534454,0.049395167958827264
music_polish_8.wav,81.10934240362812,0.28019226,1447.4179662414758,1477.0976814797896,2357.158518956604,0.08897611,0.07576129391456783
music_polish_6.wav,109.09868480725623,0.2636478,1200.3474320429038,1251.56398337429,1856.1744821454697,0.095587224,0.0687453031895084
music_polish_7.wav,69.46136054421768,0.25077003,1282.0924605629637,1390.6647279161107,1973.8217766909677,0.10192149,0.06967734270554812
