Filename,Duration (seconds),Chroma_stft,Spectral_centroid,Spectral_bandwidth,Spectral_rolloff,Rmse,Zero_crossing_rate
music_czech_2.wav,128.91718820861678,0.23641112,1232.7793423549072,829.0063006160575,1968.7563706062601,0.09531625,0.08504482374392221
music_czech_1.wav,100.40308390022676,0.25281498,1208.2363975063422,844.2602772889334,1969.867379425578,0.10672468,0.08066699783236994
music_czech_3.wav,120.55800453514739,0.22352067,1261.5739409870107,871.2369843278103,2044.7358288426126,0.08519706,0.08491448825341806
music_czech_5.wav,54.52045351473923,0.21389525,1038.0585865829717,892.2947195749887,1629.6573799688697,0.061826997,0.07003229432737335
music_czech_4.wav,99.00988662131519,0.25364903,1269.7242095103593,928.985855466519,2079.0017310228604,0.08664743,0.0819576357341735
